escalation_id,placement_id,client_id,category,severity,date_raised,resolved,resolution_date
ESC-00001,PL-00001,CL-0085,Communication,Low,2026-07-20,True,2026-07-24
ESC-00002,PL-00001,CL-0085,Technical / Access,Medium,2026-06-25,True,2026-06-29
ESC-00003,PL-00002,CL-0074,Attendance,Low,2026-07-02,True,2026-07-06
ESC-00004,PL-00002,CL-0074,Communication,Medium,2026-06-17,True,2026-06-25
ESC-00005,PL-00002,CL-0074,Performance,Medium,2026-05-10,True,2026-05-19
ESC-00006,PL-00003,CL-0072,Communication,Low,2025-06-01,True,2025-06-02
ESC-00007,PL-00004,CL-0014,Attendance,Low,2026-06-24,True,2026-06-27
ESC-00008,PL-00004,CL-0014,Billing Dispute,Low,2026-04-12,True,2026-04-15
ESC-00009,PL-00005,CL-0064,Billing Dispute,Low,2026-08-24,False,
ESC-00010,PL-00008,CL-0058,Technical / Access,Medium,2026-03-09,False,
ESC-00011,PL-00008,CL-0058,Attendance,Low,2026-08-15,True,2026-08-19
ESC-00012,PL-00013,CL-0066,Performance,Low,2026-02-03,True,2026-02-06
ESC-00013,PL-00013,CL-0066,Performance,Low,2026-08-17,True,2026-08-21
ESC-00014,PL-00013,CL-0066,Communication,High,2026-03-18,True,2026-03-29
ESC-00015,PL-00013,CL-0066,Communication,Low,2025-12-23,True,2025-12-28
ESC-00016,PL-00013,CL-0066,Technical / Access,Medium,2026-04-12,True,2026-04-16
ESC-00017,PL-00014,CL-0008,Attendance,Low,2026-05-27,True,2026-05-31
ESC-00018,PL-00014,CL-0008,Performance,Low,2026-05-24,False,
ESC-00019,PL-00014,CL-0008,Performance,Medium,2026-04-11,False,
ESC-00020,PL-00014,CL-0008,Attendance,Medium,2025-09-01,True,2025-09-04
ESC-00021,PL-00014,CL-0008,Attendance,High,2026-02-12,True,2026-02-18
ESC-00022,PL-00016,CL-0046,Performance,High,2026-05-06,True,2026-05-27
ESC-00023,PL-00016,CL-0046,Attendance,Medium,2026-05-20,False,
ESC-00024,PL-00016,CL-0046,Attendance,Low,2026-06-09,True,2026-06-14
ESC-00025,PL-00016,CL-0046,Communication,Low,2026-03-23,False,
ESC-00026,PL-00017,CL-0031,Performance,Medium,2026-05-25,True,2026-06-04
ESC-00027,PL-00018,CL-0041,Communication,High,2026-04-21,True,2026-04-27
ESC-00028,PL-00020,CL-0050,Attendance,Low,2026-05-08,True,2026-05-10
ESC-00029,PL-00020,CL-0050,Communication,Low,2026-03-10,True,2026-03-11
ESC-00030,PL-00020,CL-0050,Communication,Low,2026-05-24,True,2026-05-25
ESC-00031,PL-00020,CL-0050,Performance,Low,2026-07-01,True,2026-07-06
ESC-00032,PL-00020,CL-0050,Technical / Access,Low,2026-03-23,True,2026-03-24
ESC-00033,PL-00022,CL-0017,Performance,Low,2026-01-18,True,2026-01-23
ESC-00034,PL-00022,CL-0017,Performance,High,2026-02-14,True,2026-02-25
ESC-00035,PL-00022,CL-0017,Performance,Low,2026-04-08,True,2026-04-12
ESC-00036,PL-00023,CL-0019,Attendance,Low,2026-05-29,True,2026-06-03
ESC-00037,PL-00023,CL-0019,Performance,Low,2026-02-22,True,2026-02-24
ESC-00038,PL-00024,CL-0018,Billing Dispute,Medium,2026-04-04,True,2026-04-12
ESC-00039,PL-00024,CL-0018,Attendance,Medium,2026-04-09,True,2026-04-14
ESC-00040,PL-00024,CL-0018,Billing Dispute,Low,2026-07-08,True,2026-07-11
ESC-00041,PL-00024,CL-0018,Technical / Access,Medium,2026-08-12,True,2026-08-18
ESC-00042,PL-00024,CL-0018,Performance,Low,2026-08-19,True,2026-08-20
ESC-00043,PL-00025,CL-0059,Technical / Access,Low,2026-08-17,True,2026-08-19
ESC-00044,PL-00025,CL-0059,Billing Dispute,Low,2025-10-06,False,
ESC-00045,PL-00027,CL-0058,Performance,Low,2026-03-17,True,2026-03-19
ESC-00046,PL-00027,CL-0058,Billing Dispute,Medium,2026-03-19,True,2026-03-26
ESC-00047,PL-00027,CL-0058,Communication,Low,2026-06-11,True,2026-06-15
ESC-00048,PL-00027,CL-0058,Billing Dispute,Low,2026-08-21,True,2026-08-23
ESC-00049,PL-00028,CL-0064,Performance,Low,2026-08-26,False,
ESC-00050,PL-00030,CL-0015,Communication,Medium,2025-12-24,True,2025-12-29
ESC-00051,PL-00030,CL-0015,Communication,Low,2026-04-05,True,2026-04-10
ESC-00052,PL-00030,CL-0015,Attendance,Medium,2025-08-28,True,2025-09-01
ESC-00053,PL-00032,CL-0036,Performance,Medium,2026-07-11,True,2026-07-18
ESC-00054,PL-00032,CL-0036,Communication,Low,2026-02-18,True,2026-02-23
ESC-00055,PL-00032,CL-0036,Attendance,Medium,2025-12-22,True,2025-12-26
ESC-00056,PL-00032,CL-0036,Communication,Low,2026-07-06,True,2026-07-11
ESC-00057,PL-00035,CL-0075,Technical / Access,Medium,2026-06-24,True,2026-06-30
ESC-00058,PL-00036,CL-0069,Billing Dispute,Medium,2026-04-04,True,2026-04-08
ESC-00059,PL-00037,CL-0061,Attendance,Medium,2026-06-09,True,2026-06-19
ESC-00060,PL-00037,CL-0061,Performance,Low,2026-05-02,True,2026-05-03
ESC-00061,PL-00039,CL-0073,Billing Dispute,Low,2026-04-11,True,2026-04-14
ESC-00062,PL-00039,CL-0073,Performance,Medium,2026-05-21,True,2026-05-29
ESC-00063,PL-00041,CL-0080,Communication,Medium,2026-06-01,True,2026-06-11
ESC-00064,PL-00041,CL-0080,Billing Dispute,Low,2026-01-06,True,2026-01-07
ESC-00065,PL-00042,CL-0017,Attendance,Low,2026-08-19,True,2026-08-21
ESC-00066,PL-00043,CL-0033,Communication,High,2025-11-30,True,2025-12-08
ESC-00067,PL-00044,CL-0015,Communication,Low,2025-07-12,False,
ESC-00068,PL-00046,CL-0023,Performance,Medium,2026-07-03,True,2026-07-11
ESC-00069,PL-00049,CL-0077,Communication,Medium,2026-05-15,True,2026-05-23
ESC-00070,PL-00049,CL-0077,Communication,Medium,2026-03-27,True,2026-04-04
ESC-00071,PL-00050,CL-0053,Attendance,Medium,2026-03-25,True,2026-04-03
ESC-00072,PL-00051,CL-0022,Performance,Medium,2026-03-30,True,2026-04-05
ESC-00073,PL-00051,CL-0022,Communication,Low,2026-02-25,True,2026-03-01
ESC-00074,PL-00052,CL-0007,Performance,High,2026-07-07,False,
ESC-00075,PL-00053,CL-0015,Communication,High,2026-05-25,True,2026-06-13
ESC-00076,PL-00054,CL-0061,Attendance,High,2026-02-22,True,2026-03-03
ESC-00077,PL-00057,CL-0058,Performance,Low,2026-06-22,True,2026-06-25
ESC-00078,PL-00058,CL-0006,Billing Dispute,Medium,2026-02-14,True,2026-02-19
ESC-00079,PL-00058,CL-0006,Attendance,Medium,2025-10-15,True,2025-10-18
ESC-00080,PL-00058,CL-0006,Performance,Medium,2026-02-19,True,2026-03-01
ESC-00081,PL-00061,CL-0060,Performance,Low,2026-08-19,True,2026-08-22
ESC-00082,PL-00062,CL-0076,Attendance,Medium,2026-06-16,False,
ESC-00083,PL-00062,CL-0076,Performance,Medium,2026-05-31,True,2026-06-05
ESC-00084,PL-00063,CL-0024,Attendance,Low,2026-08-07,False,
ESC-00085,PL-00063,CL-0024,Performance,Medium,2026-02-10,True,2026-02-20
ESC-00086,PL-00063,CL-0024,Performance,Medium,2026-02-03,True,2026-02-13
ESC-00087,PL-00064,CL-0009,Communication,Low,2026-01-04,True,2026-01-08
ESC-00088,PL-00064,CL-0009,Attendance,Medium,2026-08-26,False,
ESC-00089,PL-00064,CL-0009,Attendance,Low,2025-12-19,True,2025-12-24
ESC-00090,PL-00064,CL-0009,Technical / Access,Medium,2025-12-06,False,
ESC-00091,PL-00064,CL-0009,Communication,Medium,2026-06-13,False,
ESC-00092,PL-00064,CL-0009,Performance,High,2026-06-04,False,
ESC-00093,PL-00067,CL-0077,Performance,Low,2026-05-15,False,
ESC-00094,PL-00067,CL-0077,Communication,Low,2026-02-08,False,
ESC-00095,PL-00067,CL-0077,Billing Dispute,Low,2026-08-04,True,2026-08-05
ESC-00096,PL-00069,CL-0049,Performance,Low,2026-07-08,True,2026-07-12
ESC-00097,PL-00069,CL-0049,Billing Dispute,High,2026-01-22,True,2026-02-03
ESC-00098,PL-00070,CL-0073,Attendance,High,2025-12-30,True,2026-01-04
ESC-00099,PL-00072,CL-0010,Technical / Access,Low,2026-06-04,True,2026-06-06
ESC-00100,PL-00072,CL-0010,Performance,Low,2025-08-21,True,2025-08-23
ESC-00101,PL-00073,CL-0036,Technical / Access,Low,2026-07-02,True,2026-07-05
ESC-00102,PL-00074,CL-0042,Attendance,High,2025-11-24,True,2025-11-29
ESC-00103,PL-00077,CL-0026,Performance,Low,2026-06-26,True,2026-06-28
ESC-00104,PL-00079,CL-0057,Performance,High,2026-03-08,True,2026-03-24
ESC-00105,PL-00080,CL-0033,Performance,Low,2026-07-23,True,2026-07-24
ESC-00106,PL-00081,CL-0084,Communication,High,2026-05-13,True,2026-05-28
ESC-00107,PL-00081,CL-0084,Attendance,Low,2026-03-24,True,2026-03-28
ESC-00108,PL-00081,CL-0084,Communication,Low,2026-07-16,True,2026-07-21
ESC-00109,PL-00081,CL-0084,Technical / Access,Low,2026-03-30,True,2026-04-01
ESC-00110,PL-00081,CL-0084,Attendance,Low,2026-08-03,True,2026-08-08
ESC-00111,PL-00081,CL-0084,Attendance,Low,2025-12-14,True,2025-12-15
ESC-00112,PL-00082,CL-0035,Billing Dispute,High,2026-07-03,False,
ESC-00113,PL-00082,CL-0035,Communication,High,2026-08-13,True,2026-08-19
